{"version":null,"displayName":"Knowledge Owl","type":"ua-knowledge-owl","logo":"owl.ico","logoSmall":"owl.ico","metadata":[{"name":"type","dependent":false,"dependentMetadata":null,"values":[{"id":"article","name":"Article","attributeName":null,"referenceType":null,"dependents":null,"attributes":null,"regex":false},{"id":"articleversion","name":"Article Version","attributeName":null,"referenceType":null,"dependents":null,"attributes":null,"regex":false}],"apiConfig":{"api":null,"idJsonPath":null,"valueJsonPath":null,"headers":null}}],"fields":[{"id":"summary","name":"Summary","datatype":"String","values":null},{"id":"current_version_en_title","name":"Title - Current Version EN","datatype":"String","values":null},{"id":"name","name":"Name","datatype":"String","values":null},{"id":"current_version_en_text","name":"Text - Current Version EN","datatype":"InlineHtml","values":null},{"id":"url_hash","name":"URL Hash","datatype":"InlineHtml","values":null},{"id":"id","name":"ID","datatype":"String","values":null},{"id":"date_modified","name":"Date Modified","datatype":"Datetime","values":null},{"id":"project_id","name":"Project ID","datatype":"String","values":null},{"id":"article_id","name":"Article ID","datatype":"String","values":null},{"id":"version_number","name":"Version Number","datatype":"String","values":null},{"id":"version_note","name":"Version Note","datatype":"String","values":null},{"id":"date_created","name":"Date Created","datatype":"Datetime","values":null},{"id":"date_published","name":"Date Published","datatype":"Datetime","values":null},{"id":"date_activated","name":"Date Activated","datatype":"Datetime","values":null},{"id":"date_deactivated","name":"Date Deactivated","datatype":"Datetime","values":null},{"id":"ready","name":"Ready","datatype":"Boolean","values":null},{"id":"status","name":"Status","datatype":"String","values":null}],"loginOptions":[],"idFieldName":"id","titleFieldName":"current_version_en_title","projectFieldName":"","artifactFieldName":"type","testStepsFieldName":null,"changedDateFieldName":"date_modified","dateFormat":"MM/dd/yyyy","dateTimeFormat":"MM/dd/yyyy hh:mm a z","queryDateFormat":"yyyy-MM-dd HH:mm:ss","queryDateFormatType":"DATE_TIME_FORMAT","iso8601DateFormat":false,"commentFieldName":null,"commentFieldId":null,"attachmentFieldName":null,"attachmentFieldId":null,"apiVersion":null,"callBackUrlConfigured":false,"callBackUrls":null,"apiProvider":"ExternalApplication","applicationType":null,"urlDescription":"https://app.knowledgeowl.com","userNameDescription":"Enter API Key","passwordDescription":"Enter \"x\"","paginationSupported":true,"paginationAttributes":{"totalModifiedRecordsCountAttribute":"total_records","pageSizeAttribute":"limit","offsetAttribute":"page","linkAttribute":null,"webLink":false,"header":false},"status":"Active","active":true,"commentSyncSupported":false,"attachmentSyncSupported":false,"syncModel":"ReadWrite","availableRestOperations":null,"multiProjectSupported":false,"projectLoginRequired":false,"conjunctionOperator":"","global":true,"tenantList":null}