[{"schemeId":20,"schemeName":"Default","adapterType":"knowledge-owl","group":null,"active":true,"adapterMetadataList":[],"requestHeaders":[],"restTemplates":{"UPDATE_RECORD":{"templateId":94,"operation":"UPDATE_RECORD","httpVerb":"PUT","restUrl":"api/head/${type}/${recordId}.json","specifications":{"Request":{"specId":187,"type":"Request","adapterType":null,"specType":"JOLT","status":"Active","specification":"[\n  {\n    \"operation\": \"shift\",\n    \"spec\": {\n      \"id\":\"id\",\n      \"fields\": {\n        \"*\": \"&\"\n      }\n    }\n  }\n]\n","samplePayload":"{\n  \"id\": \"TP-4\",\n  \"fields\": {\n    \"summary\": \"Test for API creation 2\",\n    \"description\": \"Test for API creation 2\",\n    \"assignee\": \"admin\",\n    \"priority\": \"1\",\n    \"reporter\": \"admin\"\n  }\n}","contentAvailable":true,"statusCode":2},"Response":{"specId":188,"type":"Response","adapterType":null,"specType":"None","status":"Active","specification":"[\n  {\n    \"operation\": \"shift\",\n    \"spec\": {\n      \"data\": {\n        \"id\": \"id\",\n        \"*\": \"fields.&\",\n        \"current_version\": {\n          \"en\": {\n            \"title\": \"fields.current_version_en_title\",\n            \"text\": \"fields.current_version_en_text\"\n          }\n        }\n      }\n    }\n    }\n]","samplePayload":"{\n  \"valid\": \"<boolean>\",\n  \"page_stats\": {\n    \"total_records\": \"<number>\",\n    \"total_pages\": \"<number>\",\n    \"next_page\": \"<number>\"\n  },\n  \"data\": {\n    \"project_id\": \"<string>\",\n    \"name\": \"<string>\",\n    \"status\": \"rejected\",\n    \"visibility\": \"public\",\n    \"url_hash\": \"<string>\",\n    \"id\": \"<string>\",\n    \"type\": \"<string>\",\n    \"searchTitle\": {\n      \"en\": \"<string>\"\n    },\n    \"toc_title\": \"<string>\",\n    \"internal_note\": \"<string>\",\n    \"internal_title\": \"<string>\",\n    \"languages\": {},\n    \"view_count\": \"<integer>\",\n    \"quality_views\": \"<number>\",\n    \"category\": \"<string>\",\n    \"application_screens\": [\n      \"<string>\",\n      \"<string>\"\n    ],\n    \"current_version_id\": \"<string>\",\n    \"current_version_number\": \"<number>\",\n    \"date_created\": \"<dateTime>\",\n    \"date_modified\": \"<dateTime>\",\n    \"date_published\": \"<dateTime>\",\n    \"date_deleted\": \"<dateTime>\",\n    \"date_archived\": \"<dateTime>\",\n    \"modified_author\": \"<string>\",\n    \"index\": \"<number>\",\n    \"category_view\": \"<boolean>\",\n    \"prevent_searching\": \"<boolean>\",\n    \"hide_from_toc\": \"<boolean>\",\n    \"hide_from_page\": \"<boolean>\",\n    \"hide_from_widgets\": \"<boolean>\",\n    \"remove_pdf\": \"<boolean>\",\n    \"remove_feedback\": \"<boolean>\",\n    \"remove_comments\": \"<boolean>\",\n    \"callout\": \"new\",\n    \"callout_created\": \"<dateTime>\",\n    \"callout_expire\": \"<number>\",\n    \"callout_video\": \"<boolean>\",\n    \"auto_save\": \"<boolean>\",\n    \"reader_roles\": [\n      \"<string>\",\n      \"<string>\"\n    ],\n    \"inherited_roles\": [\n      \"<string>\",\n      \"<string>\"\n    ],\n    \"pdf\": \"<string>\",\n    \"related_articles\": [\n      \"<string>\",\n      \"<string>\"\n    ],\n    \"content_article\": \"<string>\",\n    \"article_link\": \"<string>\",\n    \"redirect_link\": [\n      \"<string>\",\n      \"<string>\"\n    ],\n    \"author\": \"<string>\",\n    \"user_teams\": [\n      \"<string>\",\n      \"<string>\"\n    ],\n    \"tags\": [\n      \"<string>\",\n      \"<string>\"\n    ],\n    \"search_phrases\": [\n      \"<string>\",\n      \"<string>\"\n    ],\n    \"ready_versions\": [\n      \"<string>\",\n      \"<string>\"\n    ],\n    \"parents\": [\n      \"<string>\",\n      \"<string>\"\n    ],\n    \"meta_data\": [\n      \"<string>\",\n      \"<string>\"\n    ],\n    \"meta_description\": \"<string>\",\n    \"meta_page_title\": \"<string>\",\n    \"template_article\": \"<boolean>\",\n    \"topic_article\": \"<boolean>\",\n    \"external_redirect\": \"<boolean>\",\n    \"redirect_options\": {\n      \"new_tab\": \"<boolean>\",\n      \"redirect_url\": \"<string>\"\n    },\n    \"version_note\": \"<string>\",\n    \"api_data\": {},\n    \"snippets\": [\n      \"<string>\",\n      \"<string>\"\n    ],\n    \"topic_articles\": [\n      \"<string>\",\n      \"<string>\"\n    ],\n    \"files\": [\n      \"<string>\",\n      \"<string>\"\n    ],\n    \"thumbnail\": \"<string>\",\n    \"banner\": \"<string>\",\n    \"scheduled_publish_date\": \"<dateTime>\",\n    \"scheduled_archive_date\": \"<dateTime>\",\n    \"current_version\": {\n      \"en\": {\n        \"title\": \"<string>\",\n        \"text\": \"<string>\"\n      }\n    }\n  }\n}","contentAvailable":true,"statusCode":2}}},"QUERY_COMMENTS":{"templateId":96,"operation":"QUERY_COMMENTS","httpVerb":"GET","restUrl":"/api/head/comment.json?article_id=${recordId}","specifications":{"Request":{"specId":191,"type":"Request","adapterType":null,"specType":null,"status":"Active","specification":null,"samplePayload":null,"contentAvailable":false,"statusCode":2},"Response":{"specId":192,"type":"Response","adapterType":null,"specType":"JOLT","status":"Active","specification":"[\n  {\n    \"operation\": \"shift\",\n    \"spec\": {\n      \"data\": {\n        \"*\": {\n          \"id\": \"comments.[&1].comment_id\",\n          \"public_email\": \"comments.[&1].commentAuthor\",\n          \"content\": \"comments.[&1].commentBody\",\n          \"date_created\": \"comments.[&1].createdDate\",\n          \"date_modified\": \"comments.[&1].updatedDate\"\n        }\n      }\n    }\n    },\n  {\n    \"operation\": \"default\",\n    \"spec\": {\n      \"comments\": []\n    }\n  }\n]\n","samplePayload":"{\n  \"valid\": \"<boolean>\",\n  \"page_stats\": {\n    \"total_records\": \"<number>\",\n    \"total_pages\": \"<number>\",\n    \"next_page\": \"<number>\"\n  },\n  \"data\": [ {\n    \"project_id\": \"<string>\",\n    \"article_id\": \"<string>\",\n    \"status\": \"approved\",\n    \"content\": \"<string>\",\n    \"id\": \"<string>\",\n    \"type\": \"<string>\",\n    \"author_id\": \"<string>\",\n    \"public_name\": \"<string>\",\n    \"public_email\": \"<string>\",\n    \"user_submitted\": \"<boolean>\",\n    \"date_created\": \"<dateTime>\",\n    \"date_modified\": \"<dateTime>\",\n    \"date_deleted\": \"<dateTime>\"\n  }]\n}","contentAvailable":true,"statusCode":2}}},"CREATE_RECORD":{"templateId":93,"operation":"CREATE_RECORD","httpVerb":"POST","restUrl":"api/head/${type}.json","specifications":{"Request":{"specId":185,"type":"Request","adapterType":null,"specType":"JOLT","status":"Active","specification":"[\n  {\n    \"operation\": \"shift\",\n    \"spec\": {\n      \"fields\": {\n        \"*\": \"&\"\n      }\n    }\n  }\n]\n","samplePayload":"{\n  \"fields\": {\n    \"summary\": \"Test for API creation 2\",\n    \"description\": \"Test for API creation 2\",\n    \"priority\": \"1\",\n    \"modifiedTime\": \"01-04-2019 11:46:30.124\",\n    \"severity\": \"2\",\n    \"status\": \"Open\"\n  }\n}","contentAvailable":true,"statusCode":2},"Response":{"specId":186,"type":"Response","adapterType":null,"specType":"JOLT","status":"Active","specification":"[\n  {\n    \"operation\": \"shift\",\n    \"spec\": {\n      \"data\": {\n        \"id\": \"id\",\n        \"*\": \"fields.&\",\n        \"current_version\": {\n          \"en\": {\n            \"title\": \"fields.current_version_en_title\",\n            \"text\": \"fields.current_version_en_text\"\n          }\n        }\n      }\n    }\n    }\n]","samplePayload":"{\n  \"valid\": \"<boolean>\",\n  \"page_stats\": {\n    \"total_records\": \"<number>\",\n    \"total_pages\": \"<number>\",\n    \"next_page\": \"<number>\"\n  },\n  \"data\": {\n    \"project_id\": \"<string>\",\n    \"name\": \"<string>\",\n    \"status\": \"rejected\",\n    \"visibility\": \"public\",\n    \"url_hash\": \"<string>\",\n    \"id\": \"<string>\",\n    \"type\": \"<string>\",\n    \"searchTitle\": {\n      \"en\": \"<string>\"\n    },\n    \"toc_title\": \"<string>\",\n    \"internal_note\": \"<string>\",\n    \"internal_title\": \"<string>\",\n    \"languages\": {},\n    \"view_count\": \"<integer>\",\n    \"quality_views\": \"<number>\",\n    \"category\": \"<string>\",\n    \"application_screens\": [\n      \"<string>\",\n      \"<string>\"\n    ],\n    \"current_version_id\": \"<string>\",\n    \"current_version_number\": \"<number>\",\n    \"date_created\": \"<dateTime>\",\n    \"date_modified\": \"<dateTime>\",\n    \"date_published\": \"<dateTime>\",\n    \"date_deleted\": \"<dateTime>\",\n    \"date_archived\": \"<dateTime>\",\n    \"modified_author\": \"<string>\",\n    \"index\": \"<number>\",\n    \"category_view\": \"<boolean>\",\n    \"prevent_searching\": \"<boolean>\",\n    \"hide_from_toc\": \"<boolean>\",\n    \"hide_from_page\": \"<boolean>\",\n    \"hide_from_widgets\": \"<boolean>\",\n    \"remove_pdf\": \"<boolean>\",\n    \"remove_feedback\": \"<boolean>\",\n    \"remove_comments\": \"<boolean>\",\n    \"callout\": \"new\",\n    \"callout_created\": \"<dateTime>\",\n    \"callout_expire\": \"<number>\",\n    \"callout_video\": \"<boolean>\",\n    \"auto_save\": \"<boolean>\",\n    \"reader_roles\": [\n      \"<string>\",\n      \"<string>\"\n    ],\n    \"inherited_roles\": [\n      \"<string>\",\n      \"<string>\"\n    ],\n    \"pdf\": \"<string>\",\n    \"related_articles\": [\n      \"<string>\",\n      \"<string>\"\n    ],\n    \"content_article\": \"<string>\",\n    \"article_link\": \"<string>\",\n    \"redirect_link\": [\n      \"<string>\",\n      \"<string>\"\n    ],\n    \"author\": \"<string>\",\n    \"user_teams\": [\n      \"<string>\",\n      \"<string>\"\n    ],\n    \"tags\": [\n      \"<string>\",\n      \"<string>\"\n    ],\n    \"search_phrases\": [\n      \"<string>\",\n      \"<string>\"\n    ],\n    \"ready_versions\": [\n      \"<string>\",\n      \"<string>\"\n    ],\n    \"parents\": [\n      \"<string>\",\n      \"<string>\"\n    ],\n    \"meta_data\": [\n      \"<string>\",\n      \"<string>\"\n    ],\n    \"meta_description\": \"<string>\",\n    \"meta_page_title\": \"<string>\",\n    \"template_article\": \"<boolean>\",\n    \"topic_article\": \"<boolean>\",\n    \"external_redirect\": \"<boolean>\",\n    \"redirect_options\": {\n      \"new_tab\": \"<boolean>\",\n      \"redirect_url\": \"<string>\"\n    },\n    \"version_note\": \"<string>\",\n    \"api_data\": {},\n    \"snippets\": [\n      \"<string>\",\n      \"<string>\"\n    ],\n    \"topic_articles\": [\n      \"<string>\",\n      \"<string>\"\n    ],\n    \"files\": [\n      \"<string>\",\n      \"<string>\"\n    ],\n    \"thumbnail\": \"<string>\",\n    \"banner\": \"<string>\",\n    \"scheduled_publish_date\": \"<dateTime>\",\n    \"scheduled_archive_date\": \"<dateTime>\",\n    \"current_version\": {\n      \"en\": {\n        \"title\": \"<string>\",\n        \"text\": \"<string>\"\n      }\n    }\n  }\n}","contentAvailable":true,"statusCode":2}}},"QUERY_MODIFIED_RECORDS":{"templateId":92,"operation":"QUERY_MODIFIED_RECORDS","httpVerb":"GET","restUrl":"api/head/${type}.json?date_modified[%24gt]=${last-modified-time}&limit=10&page=1&${pollQuery}","specifications":{"Request":{"specId":183,"type":"Request","adapterType":null,"specType":null,"status":"Active","specification":null,"samplePayload":null,"contentAvailable":false,"statusCode":2},"Response":{"specId":184,"type":"Response","adapterType":null,"specType":"JOLT","status":"Active","specification":"[\n  {\n    \"operation\": \"shift\",\n    \"spec\": {\n      \"data\": {\n        \"*\": {\n          \"id\": \"result.[&1].id\",\n          \"*\": \"result.[&1].fields.&\",\n          \"current_version\": {\n            \"en\": {\n              \"title\": \"result.[&3].fields.current_version_en_title\",\n              \"text\": \"result.[&3].fields.current_version_en_text\"\n            }\n          }\n        }\n      },\n      \"page_stats\": {\n        \"total_records\": \"totalrecords\"\n      }\n    }\n    },\n  {\n    \"operation\": \"default\",\n    \"spec\": {\n      \"totalrecords\": 0,\n      \"result\": []\n    }\n  }\n]\n","samplePayload":"{\n  \"valid\": \"<boolean>\",\n  \"page_stats\": {\n    \"total_records\": \"<number>\",\n    \"total_pages\": \"<number>\",\n    \"next_page\": \"<number>\"\n  },\n  \"data\": [\n    {\n      \"project_id\": \"<string>\",\n      \"name\": \"<string>\",\n      \"status\": \"rejected\",\n      \"visibility\": \"public\",\n      \"url_hash\": \"<string>\",\n      \"id\": \"<string>\",\n      \"type\": \"<string>\",\n      \"searchTitle\": {\n        \"en\": \"<string>\"\n      },\n      \"toc_title\": \"<string>\",\n      \"internal_note\": \"<string>\",\n      \"internal_title\": \"<string>\",\n      \"languages\": {},\n      \"view_count\": \"<integer>\",\n      \"quality_views\": \"<number>\",\n      \"category\": \"<string>\",\n      \"application_screens\": [\n        \"<string>\",\n        \"<string>\"\n      ],\n      \"current_version_id\": \"<string>\",\n      \"current_version_number\": \"<number>\",\n      \"date_created\": \"<dateTime>\",\n      \"date_modified\": \"<dateTime>\",\n      \"date_published\": \"<dateTime>\",\n      \"date_deleted\": \"<dateTime>\",\n      \"date_archived\": \"<dateTime>\",\n      \"modified_author\": \"<string>\",\n      \"index\": \"<number>\",\n      \"category_view\": \"<boolean>\",\n      \"prevent_searching\": \"<boolean>\",\n      \"hide_from_toc\": \"<boolean>\",\n      \"hide_from_page\": \"<boolean>\",\n      \"hide_from_widgets\": \"<boolean>\",\n      \"remove_pdf\": \"<boolean>\",\n      \"remove_feedback\": \"<boolean>\",\n      \"remove_comments\": \"<boolean>\",\n      \"callout\": \"new\",\n      \"callout_created\": \"<dateTime>\",\n      \"callout_expire\": \"<number>\",\n      \"callout_video\": \"<boolean>\",\n      \"auto_save\": \"<boolean>\",\n      \"reader_roles\": [\n        \"<string>\",\n        \"<string>\"\n      ],\n      \"inherited_roles\": [\n        \"<string>\",\n        \"<string>\"\n      ],\n      \"pdf\": \"<string>\",\n      \"related_articles\": [\n        \"<string>\",\n        \"<string>\"\n      ],\n      \"content_article\": \"<string>\",\n      \"article_link\": \"<string>\",\n      \"redirect_link\": [\n        \"<string>\",\n        \"<string>\"\n      ],\n      \"author\": \"<string>\",\n      \"user_teams\": [\n        \"<string>\",\n        \"<string>\"\n      ],\n      \"tags\": [\n        \"<string>\",\n        \"<string>\"\n      ],\n      \"search_phrases\": [\n        \"<string>\",\n        \"<string>\"\n      ],\n      \"ready_versions\": [\n        \"<string>\",\n        \"<string>\"\n      ],\n      \"parents\": [\n        \"<string>\",\n        \"<string>\"\n      ],\n      \"meta_data\": [\n        \"<string>\",\n        \"<string>\"\n      ],\n      \"meta_description\": \"<string>\",\n      \"meta_page_title\": \"<string>\",\n      \"template_article\": \"<boolean>\",\n      \"topic_article\": \"<boolean>\",\n      \"external_redirect\": \"<boolean>\",\n      \"redirect_options\": {\n        \"new_tab\": \"<boolean>\",\n        \"redirect_url\": \"<string>\"\n      },\n      \"version_note\": \"<string>\",\n      \"api_data\": {},\n      \"snippets\": [\n        \"<string>\",\n        \"<string>\"\n      ],\n      \"topic_articles\": [\n        \"<string>\",\n        \"<string>\"\n      ],\n      \"files\": [\n        \"<string>\",\n        \"<string>\"\n      ],\n      \"thumbnail\": \"<string>\",\n      \"banner\": \"<string>\",\n      \"scheduled_publish_date\": \"<dateTime>\",\n      \"scheduled_archive_date\": \"<dateTime>\",\n      \"current_version\": {\n        \"en\": {\n          \"title\": \"<string>\",\n          \"text\": \"<string>\"\n        }\n      }\n    }\n  ]\n}","contentAvailable":true,"statusCode":2}}},"QUERY_RECORD_BY_ID":{"templateId":95,"operation":"QUERY_RECORD_BY_ID","httpVerb":"GET","restUrl":"api/head/${type}/${recordId}.json","specifications":{"Request":{"specId":189,"type":"Request","adapterType":null,"specType":null,"status":"Active","specification":null,"samplePayload":null,"contentAvailable":false,"statusCode":2},"Response":{"specId":190,"type":"Response","adapterType":null,"specType":"JOLT","status":"Active","specification":"[\n  {\n    \"operation\": \"shift\",\n    \"spec\": {\n      \"data\": {\n        \"id\": \"id\",\n        \"*\": \"fields.&\",\n        \"current_version\": {\n          \"en\": {\n            \"title\": \"fields.current_version_en_title\",\n            \"text\": \"fields.current_version_en_text\"\n          }\n        }\n      }\n    }\n    }\n\n]\n","samplePayload":"{\n  \"valid\": \"<boolean>\",\n  \"page_stats\": {\n    \"total_records\": \"<number>\",\n    \"total_pages\": \"<number>\",\n    \"next_page\": \"<number>\"\n  },\n  \"data\": [\n    {\n      \"project_id\": \"<string>\",\n      \"name\": \"<string>\",\n      \"status\": \"rejected\",\n      \"visibility\": \"public\",\n      \"url_hash\": \"<string>\",\n      \"id\": \"<string>\",\n      \"type\": \"<string>\",\n      \"searchTitle\": {\n        \"en\": \"<string>\"\n      },\n      \"toc_title\": \"<string>\",\n      \"internal_note\": \"<string>\",\n      \"internal_title\": \"<string>\",\n      \"languages\": {},\n      \"view_count\": \"<integer>\",\n      \"quality_views\": \"<number>\",\n      \"category\": \"<string>\",\n      \"application_screens\": [\n        \"<string>\",\n        \"<string>\"\n      ],\n      \"current_version_id\": \"<string>\",\n      \"current_version_number\": \"<number>\",\n      \"date_created\": \"<dateTime>\",\n      \"date_modified\": \"<dateTime>\",\n      \"date_published\": \"<dateTime>\",\n      \"date_deleted\": \"<dateTime>\",\n      \"date_archived\": \"<dateTime>\",\n      \"modified_author\": \"<string>\",\n      \"index\": \"<number>\",\n      \"category_view\": \"<boolean>\",\n      \"prevent_searching\": \"<boolean>\",\n      \"hide_from_toc\": \"<boolean>\",\n      \"hide_from_page\": \"<boolean>\",\n      \"hide_from_widgets\": \"<boolean>\",\n      \"remove_pdf\": \"<boolean>\",\n      \"remove_feedback\": \"<boolean>\",\n      \"remove_comments\": \"<boolean>\",\n      \"callout\": \"new\",\n      \"callout_created\": \"<dateTime>\",\n      \"callout_expire\": \"<number>\",\n      \"callout_video\": \"<boolean>\",\n      \"auto_save\": \"<boolean>\",\n      \"reader_roles\": [\n        \"<string>\",\n        \"<string>\"\n      ],\n      \"inherited_roles\": [\n        \"<string>\",\n        \"<string>\"\n      ],\n      \"pdf\": \"<string>\",\n      \"related_articles\": [\n        \"<string>\",\n        \"<string>\"\n      ],\n      \"content_article\": \"<string>\",\n      \"article_link\": \"<string>\",\n      \"redirect_link\": [\n        \"<string>\",\n        \"<string>\"\n      ],\n      \"author\": \"<string>\",\n      \"user_teams\": [\n        \"<string>\",\n        \"<string>\"\n      ],\n      \"tags\": [\n        \"<string>\",\n        \"<string>\"\n      ],\n      \"search_phrases\": [\n        \"<string>\",\n        \"<string>\"\n      ],\n      \"ready_versions\": [\n        \"<string>\",\n        \"<string>\"\n      ],\n      \"parents\": [\n        \"<string>\",\n        \"<string>\"\n      ],\n      \"meta_data\": [\n        \"<string>\",\n        \"<string>\"\n      ],\n      \"meta_description\": \"<string>\",\n      \"meta_page_title\": \"<string>\",\n      \"template_article\": \"<boolean>\",\n      \"topic_article\": \"<boolean>\",\n      \"external_redirect\": \"<boolean>\",\n      \"redirect_options\": {\n        \"new_tab\": \"<boolean>\",\n        \"redirect_url\": \"<string>\"\n      },\n      \"version_note\": \"<string>\",\n      \"api_data\": {},\n      \"snippets\": [\n        \"<string>\",\n        \"<string>\"\n      ],\n      \"topic_articles\": [\n        \"<string>\",\n        \"<string>\"\n      ],\n      \"files\": [\n        \"<string>\",\n        \"<string>\"\n      ],\n      \"thumbnail\": \"<string>\",\n      \"banner\": \"<string>\",\n      \"scheduled_publish_date\": \"<dateTime>\",\n      \"scheduled_archive_date\": \"<dateTime>\",\n      \"current_version\": {\n        \"en\": {\n          \"title\": \"<string>\",\n          \"text\": \"<string>\"\n        }\n      }\n    }\n  ]\n}","contentAvailable":true,"statusCode":2}}}},"default":true}]